Public,startDate,endDate,eventName,location,url,tag
TRUE,1月7日(水),1月9日(金),Regional Scrum Gathering Tokyo 2026,東京（羽田）,https://2026.scrumgatheringtokyo.org/,
TRUE,1月9日(金),1月10日(土),BuriKaigi 2026,富山（富山）,https://burikaigi.dev/,
TRUE,1月10日(土),1月10日(土),CQRS+ESカンファレンス 2026,福岡（福岡）,https://cqrs-es-con.jp/,
TRUE,1月23日(金),1月23日(金),AlmaLinux Day: Tokyo,神奈川（川崎）,https://almalinux.org/ja/almalinux-day-tokyo-2026/,
TRUE,1月25日(日),1月25日(日),KNOTS 2026,東京（日本橋）,https://knots.crossrel.jp/,
TRUE,1月30日(金),1月30日(金),builderscon::3DP #1,東京（三田）,https://builderscon.connpass.com/event/371745/,
TRUE,1月31日(土),1月31日(土),オープンソースカンファレンス2026 Osaka,大阪（本町）,https://event.ospn.jp/osc2026-osaka/,
TRUE,1月31日(土),1月31日(土),SRE Kaigi 2026,東京（中野）,https://2026.srekaigi.net/,
TRUE,2月3日(火),2月4日(水),Women in Agile Tokyo 2026,東京（大崎）,https://www.wiajapan.org/,
TRUE,2月4日(水),2月4日(水),Tech Challenge Party,東京（丸の内）,https://tcp.saj.or.jp/,
TRUE,2月11日(水),2月13日(金),JANOG 57,大阪（梅田）,https://www.janog.gr.jp/meeting/janog57/,
TRUE,2月14日(土),2月14日(土),セキュリティ・キャンプ2026 フォーラム,東京（日本橋）,https://www.security-camp.or.jp/event/forum2026.html,
TRUE,2月18日(水),2月20日(金),Developers Summit 2026,東京（有明）,https://event.shoeisha.jp/devsumi/20260218,
TRUE,2月20日(金),2月20日(金),Scrum Fest Morioka 2026,岩手（盛岡）,https://www.scrumfestmorioka.org/,
TRUE,2月21日(土),2026/2/21,PyCon mini Shizuoka 2026,静岡（静岡市）,https://shizuoka.pycon.jp/2026/,
TRUE,2月21日(土),2月21日(土),Go Conference mini 2026,宮城（仙台）,https://sendaigo.jp/,
TRUE,2月21日(土),2月21日(土),出雲Ruby会議01,島根（出雲）,https://regional.rubykaigi.org/izumo01/,
TRUE,2月26日(木),2月26日(木),Google Cloud Community Tech Surge 2026,オンライン,https://2026.gcts.jp/,
TRUE,2月27日(金),2月28日(土),オープンソースカンファレンス2026 Tokyo/Spring,東京（駒沢）,https://event.ospn.jp/osc2026-spring/,
TRUE,2月27日(金),2月28日(土),サイバーセキュリティシンポジウム道後2026,愛媛（松山）,https://sec-dogo.jp/,
TRUE,2月27日(金),2月27日(金),RECRUIT TECH CONFERENCE 2026,オンライン,https://www.recruit.co.jp/special/techconference2026/,
TRUE,2月28日(土),3月1日(日),SECCON 14 電脳会議,東京（浅草橋）,https://www.seccon.jp/14/ep260228.html,
TRUE,2月28日(土),2月28日(土),React Tokyoフェス2026,東京（浜松町）,https://react-tokyo.vercel.app/fes2026,
TRUE,2月28日(土),2月28日(土),Fukuoka RubyistKaigi 05,福岡（福岡）,https://regional.rubykaigi.org/fukuoka05/,
TRUE,3月4日(水),3月4日(水),EMConf JP 2026,東京（有明）,https://2026.emconf.jp/,
TRUE,3月6日(金),3月6日(金),DeNA × AI Day 2026 Proof.,東京（渋谷）,https://dena.ai/ai-day-2026/,
TRUE,3月6日(金),3月7日(土),Scrum Fest Fukuoka 2026,福岡（福岡）,https://www.scrumfestfukuoka.org/,
TRUE,3月6日(金),3月6日(金),ENOG89 Meeting,新潟（燕三条）,https://enog.jp/archives/3202,
TRUE,3月7日(土),3月7日(土),未踏会議2026 MEET DAY,東京（六本木）,https://www.ipa.go.jp/jinzai/mitou/mitoukaigi/,
TRUE,3月7日(土),3月7日(土),JAWS DAYS 2026,東京（池袋）,https://jawsdays2026.jaws-ug.jp/,
TRUE,3月7日(土),3月7日(土),P3NFEST 2026 Spring,東京（渋谷）,https://issuehunt.jp/p3nfest/2026/spring,
TRUE,3月9日(月),3月13日(金),言語処理学会第32回年次大会（NLP2026）,栃木（宇都宮）,https://anlp.jp/nlp2026/,
TRUE,3月13日(金),3月15日(日),情報処理学会 第87回全国大会,大阪（茨木）,https://www.ipsj.or.jp/event/taikai/87/,
TRUE,3月14日(土),3月15日(日),スクラムフェス神奈川 2026,神奈川（小田原）,https://www.scrumfestkanagawa.org/2026springlp,
TRUE,3月17日(火),3月17日(火),ObservabilityCON on the Road,東京（京橋）,https://grafana.com/events/observabilitycon-on-the-road/2026/tokyo/,
TRUE,3月20日(金),3月22日(日),PHPerKaigi 2026,東京（中野）,https://phperkaigi.jp/2026/,
TRUE,3月20日(金),3月20日(金),JaSST’26 Tokyo,東京（有明）,https://jasst.jp/tokyo/26-about/,
TRUE,3月20日(金),3月20日(金),Kernel/VM探検隊＠つくば No3,茨城（つくば）,https://kernelvm.connpass.com/event/381371/,
TRUE,3月28日(土),3月28日(土),Scrum Fest Nagoya 2026,愛知（名古屋）,https://confengine.com/conferences/scrum-fest-nagoya-2026,
TRUE,3月29日(日),3月29日(日),Coolest Projects Japan 2026,愛知（名古屋）,https://coolestprojects2026.coderdojo.jp/,
TRUE,4月4日(土),4月4日(土),アウトプットの背中を押すカンファレンス「ワンストップ アウトプット！」,東京（新宿）,https://fortee.jp/outputconf-2026,
TRUE,4月11日(土),4月11日(土),PHPカンファレンス小田原,神奈川（小田原）,https://phpcon-odawara.jp/2026/,
TRUE,4月11日(土),2026/4/11,【劇場版】アニメから得た学びを発表会2026,東京（武蔵境）,https://engineers-anime.connpass.com/event/375981/,
TRUE,4月11日(土),4月11日(土),ふりかえりカンファレンス2026,東京（新宿）,https://retrospective.connpass.com/event/377208/,
TRUE,4月12日(日),4月14日(火),try! Swift Tokyo 2026,東京（立川）,https://tryswift.jp/,
TRUE,4月12日(日),4月12日(日),技術書典20（オフライン）,東京（池袋）,https://techbookfest.org/event/tbf20,
TRUE,4月14日(火),4月16日(木),DevOpsDays Tokyo 2026,東京（大崎）,https://www.devopsdaystokyo.org/,
TRUE,4月18日(土),4月18日(土),オープンソースカンファレンス2026 Kagawa,香川（高松）,,
TRUE,4月22日(水),4月24日(金),RubyKaigi 2026,北海道（函館）,https://rubykaigi.org/2026/,Annual
FALSE,4月28日(火),4月28日(火),Product Management Summit,東京（丸の内）,,
FALSE,5月8日(金),5月8日(金),PHPカンファレンス香川 2026（予定）,香川,,
TRUE,5月8日(金),5月9日(土),Scrum Fest Niigata 2026,新潟（新潟）,https://www.scrumfestniigata.org/,
TRUE,5月9日(土),5月9日(土),フロントエンドカンファレンス名古屋 2026,愛知（名古屋）,https://fortee.jp/fec-nagoya-2026,
TRUE,5月10日(日),5月10日(日),第十三回技術書同人誌博覧会,東京（蒲田）,https://gishohaku.connpass.com/event/372013/,
TRUE,5月14日(木),5月15日(金),クラウドネイティブ会議,愛知（名古屋）,https://kaigi.cloudnativedays.jp/,
TRUE,5月16日(土),5月16日(土),焚き火LT #2,千葉らしい,,
TRUE,5月22日(金),5月23日(土),TSKaigi 2026,東京（羽田）,https://2026.tskaigi.org/,
TRUE,5月23日(土),5月23日(土),オープンソースカンファレンス206 Nagoya,愛知（名古屋）,,
TRUE,5月26日(火),5月27日(水),Laravel Live Japan 2026,東京（立川）,https://laravel-live-jp.connpass.com/event/378150/,
TRUE,5月30日(土),5月30日(土),JJUG CCC 2026 Spring,東京（新宿）,https://sessionize.com/jjug-ccc-2026-spring/,
TRUE,5月30日(土),5月30日(土),関ヶ原Ruby会議01,岐阜（関ヶ原）,https://regional.rubykaigi.org/sekigahara01/,
TRUE,6月6日(土),6月6日(土),フロントエンド・PHPカンファレンス北海道2026,北海道（札幌）,https://note.com/_n13u_/n/na190f6ea36a5,
TRUE,6月6日(土),6月6日(土),松江Ruby会議12,島根（松江）,,
TRUE,6月6日(土),6月6日(土),オープンソースカンファレンス2026 Sendai,宮城（仙台）,,
TRUE,6月10日(水),6月12日(金), Interop Tokyo 2026,千葉（幕張）,https://www.interop.jp/,
TRUE,6月19日(金),6月20日(土),スクラムフェス金沢2026,石川（金沢）,https://www.scrumfestkanazawa.org/,
TRUE,6月27日(土),6月28日(日),きのこカンファレンス2026,東京（青海）,https://kinoko-conf.dev/,
TRUE,6月27日(土),6月27日(土),東京Ruby会議13,東京（高円寺）,https://regional.rubykaigi.org/tokyo13/,
TRUE,6月27日(土),6月27日(土),オープンソースカンファレンス2026 Hokkaido,北海道（札幌）,,
TRUE,7月10日(金),7月11日(土),Scrum Fest Sendai 2026,宮城（仙台）,https://www.scrumfestsendai.org/,
TRUE,7月10日(金),7月11日(土),SRE NEXT 2026,東京（有明）,https://sre-next.dev/2026/,
TRUE,7月11日(土),7月12日(日),関数型まつり 2026,東京（中野）,https://2026.fp-matsuri.org/,
TRUE,7月11日(土),7月11日(土),オープンソースカンファレンス2026 Shimane,島根（松江）,,
FALSE,7月15日(水),7月17日(金),JANOG 58,愛媛（松山）,https://www.janog.gr.jp/meetings/,
TRUE,7月18日(土),7月18日(土),関西Ruby会議09,滋賀（大津）,https://regional.rubykaigi.org/kansai09/,
TRUE,7月22日(水),7月24日(金),CEDEC2026,神奈川（横浜）,https://cedec.cesa.or.jp/2026/,
TRUE,7月25日(土),7月25日(土),大吉祥寺.pm 2026,東京（大井町）,,
TRUE,7月29日(水),7月30日(木),KubeCon + CloudNativeCon Japan 2026,神奈川（横浜）,https://events.linuxfoundation.org/kubecon-cloudnativecon-japan/,
TRUE,7月31日(金),8月1日(土),Scrum Fest Osaka 2026,大阪（梅田）,https://www.scrumosaka.org/,
TRUE,9月5日(土),9月5日(土),Product Engineering Conference 2026,東京（中野）,https://product-engineering.jp/2026/,
TRUE,9月5日(土),9月5日(土),アクセシビリティカンファレンスCHIBA2026,千葉（幕張）,https://a11y-chiba.connpass.com/event/389386/,
TRUE,9月8日(火),9月8日(火),時雨堂 雑談会 (2026-09),オンライン,https://gist.github.com/voluntas/8ced7231586f1aef924a47bc4356f733,
TRUE,9月11日(金),9月11日(金),Go Conference 2026,東京（中野）,https://gocon.jp/2026/,
TRUE,9月12日(土),9月12日(土),フロントエンドカンファレンス福岡 2026,福岡（福岡）,https://frontend-conf.fukuoka.jp/2026/news/2026-01-13-announcement,
TRUE,9月12日(土),9月12日(土),オープンソースカンファレンス2026 Hiroshima,広島（広島）,https://event.ospn.jp/osc2026-hiroshima/,
TRUE,9月12日(土),9月12日(土),オープンセミナー2026@岡山,岡山（岡山）,https://okayama.open-seminar.org/,
TRUE,9月13日(日),9月13日(日),第十四回 技術書同人誌博覧会,東京（蒲田）,https://gishohaku.dev/,
TRUE,9月19日(土),9月19日(土),名古屋Ruby会議05,愛知（名古屋）,https://regional.rubykaigi.org/nagoya05/,
TRUE,9月23日(水),9月23日(水),TOKYO KEYBOARD EXPO 2026,東京（平和島）,https://tkx.yushakobo.jp/tkx2026/,
TRUE,9月26日(土),9月26日(土),Scrum Fest Kanagawa 2026  -夏の陣-,神奈川（海老名）,https://www.scrumfestkanagawa.org/,
TRUE,10月2日(金),10月3日(土),オープンソースカンファレンス2026 Online/Fall,オンライン,https://event.ospn.jp/osc2026-online-fall/,
TRUE,10月3日(土),10月3日(土),PHPカンファレンス愛媛 2026,愛媛（松山）,https://phpcon.ehime.jp/,
TRUE,10月3日(土),10月3日(土),freee 技術の日 2026,東京（大崎）,https://freee.connpass.com/event/403447/,
TRUE,10月3日(土),10月4日(日),NT東京 2026,東京（千代田区）,https://nt-tokyo.org/,
TRUE,10月11日(日),10月11日(日),Hono Conference in Tokyo 2026,東京（紀尾井町）,https://honoconf.dev/2026,
TRUE,10月12日(月),10月12日(月),フロントエンドカンファレンス関西 2026,大阪（梅田）,https://2026.frontend-conf.osaka.jp/,
TRUE,10月12日(月),10月12日(月),Hackers Champloo 2026,沖縄（浦添）,https://hackers-champloo.org/2026/,
TRUE,10月15日(木),10月15日(木),ViteConf,オンライン,https://viteconf.org/,
TRUE,10月16日(金),10月17日(土),Kaigi on Rails 2026,東京（渋谷）,https://kaigionrails.org/2026/,
TRUE,10月17日(土),10月17日(土),オープンソースカンファレンス2026 Tokyo/Fall,東京（浅草）,https://event.ospn.jp/osc2026-fall/,
TRUE,10月17日(土),10月17日(土),[JAWS-UG 青森] 勉強会,青森（八戸）,https://jaws-tohoku.connpass.com/event/388199/,
TRUE,10月23日(金),10月24日(土),スクラム祭り2026,各地＋オンライン,https://www.scrummatsuri.org/,
TRUE,10月26日(月),10月26日(月),MPLS Japan 2026,東京（本郷）,https://mpls.jp/2026/index.html,
TRUE,10月27日(火),10月28日(水),KDDI SUMMIT 2026,東京（高輪ゲートウェイ）,https://www.kddi.com/summit/,
TRUE,10月29日(木),10月30日(金),TiDB User Day,東京（大手町）,https://pingcap.co.jp/tidb-user-day/,
TRUE,10月29日(木),10月29日(木),Search Engineering Tech Talk 2026 Autumn,東京（三田）,https://search-tech.connpass.com/event/404880/,
TRUE,10月31日(土),10月31日(土),KomeKaigi 2026,新潟（新潟）,https://komekaigi.dev/,
TRUE,11月1日(日),11月1日(日),DojoCon Japan 2026,岩手（盛岡）,https://dojocon2026.coderdojo.jp/,
TRUE,11月5日(木),11月6日(金),db tech showcase 2026,東京（大手町）,https://www.db-tech-showcase.com/2026/,
TRUE,11月13日(金),11月14日(土),スクラムフェス札幌,北海道（札幌）,https://www.scrumfestsapporo.org/,
TRUE,11月14日(土),11月14日(土),PHPカンファレンス新潟2026,新潟（新潟）,https://x.com/phpcon_niigata/status/2010182191016517632,
FALSE,11月18日(水),11月19日(木),CloudNative Days Winter 2026,東京（有明）,,
TRUE,11月21日(土),11月21日(土),オープンソースカンファレンス2026 Nagaoka,新潟（長岡）,https://ospn.connpass.com/event/398562/,
TRUE,11月21日(土),11月21日(土),TeXConf 2026,東京（竹橋）,https://texconf.github.io/2026/,
TRUE,11月21日(土),11月21日(土),アクセシビリティカンファレンス福岡2026,福岡（福岡）,https://fukuoka-a11yconf.connpass.com/event/404619/,
TRUE,11月22日(日),11月22日(日),オープンソースカンファレンス2026 Yamaguchi,山口（宇部）,https://ospn.connpass.com/event/398565/,
TRUE,11月23日(月),11月23日(月),技術書典21 オフライン開催,東京（池袋）,https://techbookfest.org/event/tbf21,
TRUE,11月27日(金),11月28日(土),BTCONJP 2026,東京（紀尾井町）,https://btcon.jp/,
TRUE,11月27日(金),11月29日(日),YAPC::Tokyo 2026,東京（有明）,https://yapcjapan.org/2026tokyo/,
TRUE,11月28日(土),11月28日(土),Backlog world 2026,神奈川（横浜）,https://jbuginfo.backlog.com/backlogworld2026/,
TRUE,12月3日(木),12月4日(金),RubyWorld Conference 2026,島根（松江）,https://2026.rubyworld-conf.org/ja/,
TRUE,12月3日(木),12月3日(木),Product Security Square #6,東京（渋谷）,https://flatt.connpass.com/event/404926/,
FALSE,12月5日(土),12月5日(土),オープンソースカンファレンス2026 Okinawa,沖縄（那覇）,,
FALSE,12月5日(土),12月5日(土),オープンソースカンファレンス2026 Okinawa,沖縄,,
TRUE,12月12日(土),12月12日(土),オープンソースカンファレンス2026 Fukuoka,福岡（福岡）,https://event.ospn.jp/osc2026-fukuoka/,
FALSE,,,,,,
FALSE,,,,,,
FALSE,,,,,,
FALSE,,,,,,
FALSE,,,,,,
FALSE,,,,,,
FALSE,,,,,,
FALSE,,,,,,
FALSE,,,,,,
FALSE,,,,,,
FALSE,,,,,,
FALSE,,,,,,
FALSE,,,,,,
FALSE,,,,,,
FALSE,,,,,,
FALSE,,,,,,
FALSE,,,,,,
FALSE,,,,,,
FALSE,,,,,,
FALSE,,,,,,
FALSE,,,,,,
FALSE,,,,,,
FALSE,,,,,,
FALSE,,,,,,
FALSE,,,,,,
FALSE,,,,,,
FALSE,,,,,,
FALSE,,,,,,
FALSE,,,,,,
FALSE,,,,,,
FALSE,,,,,,
FALSE,,,,,,
FALSE,,,,,,
FALSE,,,,,,
FALSE,,,,,,
FALSE,,,,,,
FALSE,,,,,,
FALSE,,,,,,
FALSE,,,,,,
FALSE,,,,,,
FALSE,,,,,,
FALSE,,,,,,
FALSE,,,,,,
FALSE,,,,,,
FALSE,,,,,,
FALSE,,,,,,
FALSE,,,,,,
FALSE,,,,,,
FALSE,,,,,,
FALSE,,,,,,
FALSE,,,,,,
FALSE,,,,,,
FALSE,,,,,,
FALSE,,,,,,
FALSE,,,,,,
FALSE,,,,,,
FALSE,,,,,,
FALSE,,,,,,
FALSE,,,,,,
FALSE,,,,,,
FALSE,,,,,,
FALSE,,,,,,
FALSE,,,,,,
FALSE,,,,,,
FALSE,,,,,,
FALSE,,,,,,
FALSE,,,,,,
FALSE,,,,,,
FALSE,,,,,,
FALSE,,,,,,
FALSE,,,,,,
FALSE,,,,,,
FALSE,,,,,,
FALSE,,,,,,
FALSE,,,,,,
FALSE,,,,,,
FALSE,,,,,,
FALSE,,,,,,
FALSE,,,,,,
FALSE,,,,,,
FALSE,,,,,,
FALSE,,,,,,
FALSE,,,,,,
FALSE,,,,,,
FALSE,,,,,,
FALSE,,,,,,
FALSE,,,,,,
FALSE,,,,,,
FALSE,,,,,,
FALSE,,,,,,
FALSE,,,,,,
FALSE,,,,,,
FALSE,,,,,,
FALSE,,,,,,
FALSE,,,,,,
FALSE,,,,,,
FALSE,,,,,,
FALSE,,,,,,
FALSE,,,,,,
FALSE,,,,,,
FALSE,,,,,,
FALSE,,,,,,
FALSE,,,,,,
FALSE,,,,,,
FALSE,,,,,,
FALSE,,,,,,
FALSE,,,,,,
FALSE,,,,,,
FALSE,,,,,,
FALSE,,,,,,
FALSE,,,,,,
FALSE,,,,,,
FALSE,,,,,,
FALSE,,,,,,
FALSE,,,,,,
FALSE,,,,,,
FALSE,,,,,,
FALSE,,,,,,
FALSE,,,,,,
FALSE,,,,,,
FALSE,,,,,,
FALSE,,,,,,
FALSE,,,,,,
FALSE,,,,,,
FALSE,,,,,,
FALSE,,,,,,
FALSE,,,,,,
FALSE,,,,,,
FALSE,,,,,,
FALSE,,,,,,
FALSE,,,,,,
FALSE,,,,,,
FALSE,,,,,,
FALSE,,,,,,
FALSE,,,,,,
FALSE,,,,,,
FALSE,,,,,,
FALSE,,,,,,
FALSE,,,,,,
FALSE,,,,,,
FALSE,,,,,,
FALSE,,,,,,
FALSE,,,,,,
FALSE,,,,,,
FALSE,,,,,,
FALSE,,,,,,
FALSE,,,,,,
FALSE,,,,,,
FALSE,,,,,,
FALSE,,,,,,
FALSE,,,,,,
FALSE,,,,,,
FALSE,,,,,,
FALSE,,,,,,
FALSE,,,,,,
FALSE,,,,,,
FALSE,,,,,,
FALSE,,,,,,
FALSE,,,,,,
FALSE,,,,,,
FALSE,,,,,,
FALSE,,,,,,
FALSE,,,,,,
FALSE,,,,,,
FALSE,,,,,,
FALSE,,,,,,
FALSE,,,,,,
FALSE,,,,,,
FALSE,,,,,,
FALSE,,,,,,
FALSE,,,,,,
FALSE,,,,,,
FALSE,,,,,,
FALSE,,,,,,
FALSE,,,,,,
FALSE,,,,,,
FALSE,,,,,,
FALSE,,,,,,
FALSE,,,,,,
FALSE,,,,,,
FALSE,,,,,,
FALSE,,,,,,
FALSE,,,,,,
FALSE,,,,,,
FALSE,,,,,,
FALSE,,,,,,
FALSE,,,,,,
FALSE,,,,,,
FALSE,,,,,,
FALSE,,,,,,
FALSE,,,,,,
FALSE,,,,,,
FALSE,,,,,,
FALSE,,,,,,
FALSE,,,,,,
FALSE,,,,,,
FALSE,,,,,,
FALSE,,,,,,
FALSE,,,,,,
FALSE,,,,,,
FALSE,,,,,,
FALSE,,,,,,
FALSE,,,,,,
FALSE,,,,,,
FALSE,,,,,,
FALSE,,,,,,
FALSE,,,,,,
FALSE,,,,,,
FALSE,,,,,,
FALSE,,,,,,
FALSE,,,,,,
FALSE,,,,,,
FALSE,,,,,,
FALSE,,,,,,
FALSE,,,,,,
FALSE,,,,,,
FALSE,,,,,,
FALSE,,,,,,
FALSE,,,,,,
FALSE,,,,,,
FALSE,,,,,,
FALSE,,,,,,
FALSE,,,,,,
FALSE,,,,,,
FALSE,,,,,,
FALSE,,,,,,
FALSE,,,,,,
FALSE,,,,,,
FALSE,,,,,,
FALSE,,,,,,
FALSE,,,,,,
FALSE,,,,,,
FALSE,,,,,,
FALSE,,,,,,
FALSE,,,,,,
FALSE,,,,,,
FALSE,,,,,,
FALSE,,,,,,
FALSE,,,,,,
FALSE,,,,,,
FALSE,,,,,,
FALSE,,,,,,
FALSE,,,,,,
FALSE,,,,,,
FALSE,,,,,,
FALSE,,,,,,
FALSE,,,,,,
FALSE,,,,,,
FALSE,,,,,,
FALSE,,,,,,
FALSE,,,,,,
FALSE,,,,,,
FALSE,,,,,,
FALSE,,,,,,
FALSE,,,,,,
FALSE,,,,,,
FALSE,,,,,,
FALSE,,,,,,
FALSE,,,,,,
FALSE,,,,,,
FALSE,,,,,,
FALSE,,,,,,
FALSE,,,,,,
FALSE,,,,,,
FALSE,,,,,,
FALSE,,,,,,
FALSE,,,,,,
FALSE,,,,,,
FALSE,,,,,,
FALSE,,,,,,
FALSE,,,,,,
FALSE,,,,,,
FALSE,,,,,,
FALSE,,,,,,
FALSE,,,,,,
FALSE,,,,,,
FALSE,,,,,,
FALSE,,,,,,
FALSE,,,,,,
FALSE,,,,,,
FALSE,,,,,,
FALSE,,,,,,
FALSE,,,,,,
FALSE,,,,,,
FALSE,,,,,,
FALSE,,,,,,
FALSE,,,,,,
FALSE,,,,,,
FALSE,,,,,,
FALSE,,,,,,
FALSE,,,,,,
FALSE,,,,,,
FALSE,,,,,,
FALSE,,,,,,
FALSE,,,,,,
FALSE,,,,,,
FALSE,,,,,,
FALSE,,,,,,
FALSE,,,,,,
FALSE,,,,,,
FALSE,,,,,,
FALSE,,,,,,
FALSE,,,,,,
FALSE,,,,,,
FALSE,,,,,,
FALSE,,,,,,
FALSE,,,,,,
FALSE,,,,,,
FALSE,,,,,,
FALSE,,,,,,
FALSE,,,,,,
FALSE,,,,,,
FALSE,,,,,,
FALSE,,,,,,
FALSE,,,,,,
FALSE,,,,,,
FALSE,,,,,,
FALSE,,,,,,
FALSE,,,,,,
FALSE,,,,,,
FALSE,,,,,,
FALSE,,,,,,
FALSE,,,,,,
FALSE,,,,,,
FALSE,,,,,,
FALSE,,,,,,
FALSE,,,,,,
FALSE,,,,,,
FALSE,,,,,,
FALSE,,,,,,
FALSE,,,,,,
FALSE,,,,,,
FALSE,,,,,,
FALSE,,,,,,
FALSE,,,,,,
FALSE,,,,,,
FALSE,,,,,,
FALSE,,,,,,
FALSE,,,,,,
FALSE,,,,,,
FALSE,,,,,,
FALSE,,,,,,
FALSE,,,,,,
FALSE,,,,,,
FALSE,,,,,,
FALSE,,,,,,
FALSE,,,,,,
FALSE,,,,,,
FALSE,,,,,,
FALSE,,,,,,
FALSE,,,,,,
FALSE,,,,,,
FALSE,,,,,,
FALSE,,,,,,
FALSE,,,,,,
FALSE,,,,,,
FALSE,,,,,,
FALSE,,,,,,
FALSE,,,,,,
FALSE,,,,,,
FALSE,,,,,,
FALSE,,,,,,
FALSE,,,,,,
FALSE,,,,,,
FALSE,,,,,,
FALSE,,,,,,
FALSE,,,,,,
FALSE,,,,,,
FALSE,,,,,,
FALSE,,,,,,
FALSE,,,,,,
FALSE,,,,,,
FALSE,,,,,,
FALSE,,,,,,
FALSE,,,,,,
FALSE,,,,,,
FALSE,,,,,,
FALSE,,,,,,
FALSE,,,,,,
FALSE,,,,,,
FALSE,,,,,,
FALSE,,,,,,
FALSE,,,,,,
FALSE,,,,,,
FALSE,,,,,,
FALSE,,,,,,
FALSE,,,,,,
FALSE,,,,,,
FALSE,,,,,,
FALSE,,,,,,
FALSE,,,,,,
FALSE,,,,,,
FALSE,,,,,,
FALSE,,,,,,
FALSE,,,,,,
FALSE,,,,,,
FALSE,,,,,,
FALSE,,,,,,
FALSE,,,,,,
FALSE,,,,,,
FALSE,,,,,,
FALSE,,,,,,
FALSE,,,,,,
FALSE,,,,,,
FALSE,,,,,,
FALSE,,,,,,
FALSE,,,,,,
FALSE,,,,,,
FALSE,,,,,,
FALSE,,,,,,
FALSE,,,,,,
FALSE,,,,,,
FALSE,,,,,,
FALSE,,,,,,
FALSE,,,,,,
FALSE,,,,,,
FALSE,,,,,,
FALSE,,,,,,
FALSE,,,,,,
FALSE,,,,,,
FALSE,,,,,,
FALSE,,,,,,
FALSE,,,,,,
FALSE,,,,,,
FALSE,,,,,,
FALSE,,,,,,
FALSE,,,,,,
FALSE,,,,,,
FALSE,,,,,,
FALSE,,,,,,
FALSE,,,,,,
FALSE,,,,,,
FALSE,,,,,,
FALSE,,,,,,
FALSE,,,,,,
FALSE,,,,,,
FALSE,,,,,,
FALSE,,,,,,
FALSE,,,,,,
FALSE,,,,,,
FALSE,,,,,,
FALSE,,,,,,
FALSE,,,,,,
FALSE,,,,,,
FALSE,,,,,,
FALSE,,,,,,
FALSE,,,,,,
FALSE,,,,,,
FALSE,,,,,,
FALSE,,,,,,
FALSE,,,,,,
FALSE,,,,,,
FALSE,,,,,,
FALSE,,,,,,
FALSE,,,,,,
FALSE,,,,,,
FALSE,,,,,,
FALSE,,,,,,
FALSE,,,,,,
FALSE,,,,,,
FALSE,,,,,,
FALSE,,,,,,
FALSE,,,,,,
FALSE,,,,,,
FALSE,,,,,,
FALSE,,,,,,
FALSE,,,,,,
FALSE,,,,,,
FALSE,,,,,,
FALSE,,,,,,
FALSE,,,,,,
FALSE,,,,,,
FALSE,,,,,,
FALSE,,,,,,
FALSE,,,,,,
FALSE,,,,,,
FALSE,,,,,,
FALSE,,,,,,
FALSE,,,,,,
FALSE,,,,,,
FALSE,,,,,,
FALSE,,,,,,
FALSE,,,,,,
FALSE,,,,,,
FALSE,,,,,,
FALSE,,,,,,
FALSE,,,,,,
FALSE,,,,,,
FALSE,,,,,,
FALSE,,,,,,
FALSE,,,,,,
FALSE,,,,,,
FALSE,,,,,,
FALSE,,,,,,
FALSE,,,,,,
FALSE,,,,,,
FALSE,,,,,,
FALSE,,,,,,
FALSE,,,,,,
FALSE,,,,,,
FALSE,,,,,,
FALSE,,,,,,
FALSE,,,,,,
FALSE,,,,,,
FALSE,,,,,,
FALSE,,,,,,
FALSE,,,,,,
FALSE,,,,,,
FALSE,,,,,,
FALSE,,,,,,
FALSE,,,,,,
FALSE,,,,,,
FALSE,,,,,,
FALSE,,,,,,
FALSE,,,,,,
FALSE,,,,,,
FALSE,,,,,,
FALSE,,,,,,
FALSE,,,,,,
FALSE,,,,,,
FALSE,,,,,,
FALSE,,,,,,
FALSE,,,,,,
FALSE,,,,,,
FALSE,,,,,,
FALSE,,,,,,
FALSE,,,,,,
FALSE,,,,,,
FALSE,,,,,,
FALSE,,,,,,
FALSE,,,,,,
FALSE,,,,,,
FALSE,,,,,,
FALSE,,,,,,
FALSE,,,,,,
FALSE,,,,,,
FALSE,,,,,,
FALSE,,,,,,
FALSE,,,,,,
FALSE,,,,,,
FALSE,,,,,,
FALSE,,,,,,
FALSE,,,,,,
FALSE,,,,,,
FALSE,,,,,,
FALSE,,,,,,
FALSE,,,,,,
FALSE,,,,,,
FALSE,,,,,,
FALSE,,,,,,
FALSE,,,,,,
FALSE,,,,,,
FALSE,,,,,,
FALSE,,,,,,
FALSE,,,,,,
FALSE,,,,,,
FALSE,,,,,,
FALSE,,,,,,
FALSE,,,,,,
FALSE,,,,,,
FALSE,,,,,,
FALSE,,,,,,
FALSE,,,,,,
FALSE,,,,,,
FALSE,,,,,,
FALSE,,,,,,
FALSE,,,,,,
FALSE,,,,,,
FALSE,,,,,,
FALSE,,,,,,
FALSE,,,,,,
FALSE,,,,,,
FALSE,,,,,,
FALSE,,,,,,
FALSE,,,,,,
FALSE,,,,,,
FALSE,,,,,,
FALSE,,,,,,
FALSE,,,,,,
FALSE,,,,,,
FALSE,,,,,,
FALSE,,,,,,
FALSE,,,,,,
FALSE,,,,,,
FALSE,,,,,,
FALSE,,,,,,
FALSE,,,,,,
FALSE,,,,,,
FALSE,,,,,,
FALSE,,,,,,
FALSE,,,,,,
FALSE,,,,,,
FALSE,,,,,,
FALSE,,,,,,
FALSE,,,,,,
FALSE,,,,,,
FALSE,,,,,,
FALSE,,,,,,
FALSE,,,,,,
FALSE,,,,,,
FALSE,,,,,,
FALSE,,,,,,
FALSE,,,,,,
FALSE,,,,,,
FALSE,,,,,,
FALSE,,,,,,
FALSE,,,,,,
FALSE,,,,,,
FALSE,,,,,,
FALSE,,,,,,
FALSE,,,,,,
FALSE,,,,,,
FALSE,,,,,,
FALSE,,,,,,
FALSE,,,,,,
FALSE,,,,,,
FALSE,,,,,,
FALSE,,,,,,
FALSE,,,,,,
FALSE,,,,,,
FALSE,,,,,,
FALSE,,,,,,
FALSE,,,,,,
FALSE,,,,,,
FALSE,,,,,,
FALSE,,,,,,
FALSE,,,,,,
FALSE,,,,,,
FALSE,,,,,,
FALSE,,,,,,
FALSE,,,,,,
FALSE,,,,,,
FALSE,,,,,,
FALSE,,,,,,
FALSE,,,,,,
FALSE,,,,,,
FALSE,,,,,,
FALSE,,,,,,
FALSE,,,,,,
FALSE,,,,,,
FALSE,,,,,,
FALSE,,,,,,
FALSE,,,,,,
FALSE,,,,,,
FALSE,,,,,,
FALSE,,,,,,
FALSE,,,,,,
FALSE,,,,,,
FALSE,,,,,,
FALSE,,,,,,
FALSE,,,,,,
FALSE,,,,,,
FALSE,,,,,,
FALSE,,,,,,
FALSE,,,,,,
FALSE,,,,,,
FALSE,,,,,,
FALSE,,,,,,
FALSE,,,,,,
FALSE,,,,,,
FALSE,,,,,,
FALSE,,,,,,
FALSE,,,,,,
FALSE,,,,,,
FALSE,,,,,,
FALSE,,,,,,
FALSE,,,,,,
FALSE,,,,,,
FALSE,,,,,,
FALSE,,,,,,
FALSE,,,,,,
FALSE,,,,,,
FALSE,,,,,,
FALSE,,,,,,
FALSE,,,,,,
FALSE,,,,,,
FALSE,,,,,,
FALSE,,,,,,
FALSE,,,,,,
FALSE,,,,,,
FALSE,,,,,,
FALSE,,,,,,
FALSE,,,,,,
FALSE,,,,,,
FALSE,,,,,,
FALSE,,,,,,
FALSE,,,,,,
FALSE,,,,,,
FALSE,,,,,,
FALSE,,,,,,
FALSE,,,,,,
FALSE,,,,,,
FALSE,,,,,,
FALSE,,,,,,
FALSE,,,,,,
FALSE,,,,,,
FALSE,,,,,,
FALSE,,,,,,
FALSE,,,,,,
FALSE,,,,,,
FALSE,,,,,,
FALSE,,,,,,
FALSE,,,,,,
FALSE,,,,,,
FALSE,,,,,,
FALSE,,,,,,
FALSE,,,,,,
FALSE,,,,,,
FALSE,,,,,,
FALSE,,,,,,
FALSE,,,,,,
FALSE,,,,,,
FALSE,,,,,,
FALSE,,,,,,
FALSE,,,,,,
FALSE,,,,,,
FALSE,,,,,,
FALSE,,,,,,
FALSE,,,,,,
FALSE,,,,,,
FALSE,,,,,,
FALSE,,,,,,
FALSE,,,,,,
FALSE,,,,,,
FALSE,,,,,,
FALSE,,,,,,
FALSE,,,,,,
FALSE,,,,,,
FALSE,,,,,,
FALSE,,,,,,
FALSE,,,,,,
FALSE,,,,,,
FALSE,,,,,,
FALSE,,,,,,
FALSE,,,,,,
FALSE,,,,,,
FALSE,,,,,,
FALSE,,,,,,
FALSE,,,,,,
FALSE,,,,,,
FALSE,,,,,,
FALSE,,,,,,
FALSE,,,,,,
FALSE,,,,,,
FALSE,,,,,,
FALSE,,,,,,
FALSE,,,,,,
FALSE,,,,,,
FALSE,,,,,,
FALSE,,,,,,
FALSE,,,,,,
FALSE,,,,,,
FALSE,,,,,,
FALSE,,,,,,
FALSE,,,,,,
FALSE,,,,,,
FALSE,,,,,,
FALSE,,,,,,
FALSE,,,,,,
FALSE,,,,,,
FALSE,,,,,,
FALSE,,,,,,